"","min.d50.wdbc.b.z","max.d50.wdbc.b.z"
26573,18159,35014
0.53615,0.0018662,23.899
11.992,0.06111,21.726
26.475,0.013096,26.475
0.13181,0.0010194,1.6422
0.027888,0.017002,0.030153
1.3637,0.21849,1.8263
0.47274,0.32381,0.62204
0.31364,0.10903,0.41939
0.00071179,2.8556e-07,0.00087141
6.5657e-05,6.5657e-05,0.19259
0.069111,0.065748,0.071181
0.0076298,0.0058162,0.011161
0.03813,0.036326,0.040046
0.0005051,0.00029065,0.73489
0.16738,0.11955,0.59723
